{"baseline_ms": 148.14089050006865, "baseline_rms": 0.08578770607709885, "reduce_overhead_ms": 31.721870916650612, "reduce_overhead_rms": 0.0931939035654068, "reduce_overhead_speedup": 4.67}