{"base_short": 167.45349650009302, "base_med": 168.9867345001403, "base_long": 172.08884040010162, "cg_short": 28.02168279995385, "cg_med": 33.155194600112736, "cg_long": 46.42514220004159, "speedup_short": 5.98, "speedup_med": 5.1, "speedup_long": 3.71}