{"llm_M": 595.8, "audio_heads_M": 8.4, "fp16_ms": 151.58531091674377, "fp16_rms": 0.09275359660387039, "fp8_both_ms": 147.2987546665839, "fp8_both_rms": 0.08793387562036514, "fp8_both_speedup": 1.029}