{"bf16_ms": 171.18270116649606, "bf16_rms": 0.08072008192539215, "fp8_ms": 588.587415333374, "fp8_rms": 0.07782351225614548, "fp8_speedup": 0.291}